Time,Local Time,CO2_1,CO2_2
1720714804.6386747,Thu Jul 11 18:20:04 2024,"3452
","None
"
1720714811.8715541,Thu Jul 11 18:20:11 2024,"3463
","3622
"
