Time,Local Time,CO2_1,CO2_2
1720714804.6386747,Thu Jul 11 18:20:04 2024,"3452
","None
"
1720714811.8715541,Thu Jul 11 18:20:11 2024,"3463
","3622
"
1720715045.9093196,Thu Jul 11 18:24:05 2024,"3524
","None
"
