Time,Local Time,electronphoresis,reservoir,pH_level
1720182250.299518,Fri Jul  5 14:24:10 2024,"21.061
","22.881
","7.531
"
1720182370.6264124,Fri Jul  5 14:26:10 2024,"19.934
","22.878
","7.540
"
1720182490.9432359,Fri Jul  5 14:28:10 2024,"17.831
","22.268
","7.550
"
1720182611.2596555,Fri Jul  5 14:30:11 2024,"18.183
","22.610
","7.574
"
