Time,Local Time,electronphoresis,reservoir,pH_level
1720182250.299518,Fri Jul  5 14:24:10 2024,"21.061
","22.881
","7.531
"
1720182370.6264124,Fri Jul  5 14:26:10 2024,"19.934
","22.878
","7.540
"
