Time,Local Time,CO2_1,CO2_2
1723475467.2474709,Mon Aug 12 17:11:07 2024,"None
","None
"
1723475527.5168025,Mon Aug 12 17:12:07 2024,"None
","None
"
1723475587.7791119,Mon Aug 12 17:13:07 2024,"None
","None
"
1723475593.5543325,Mon Aug 12 17:13:13 2024,"None
","None
"
1723475604.148911,Mon Aug 12 17:13:24 2024,"None
","None
"
